{"cameraMode":{"drawMode":0,"name":"Shaded","section":"Shading Mode"},"sceneLighting":true,"audioPlay":false,"sceneViewState":{"m_AlwaysRefresh":false,"showFog":true,"showSkybox":true,"showFlares":true,"showImageEffects":true,"showParticleSystems":true,"showVisualEffectGraphs":true,"m_FxEnabled":true},"in2DMode":false,"pivot":{"x":-6.019659996032715,"y":66.51325988769531,"z":-60.5588493347168},"rotation":{"x":0.41742751002311709,"y":0.030196739360690118,"z":-0.014038500376045704,"w":0.9082578420639038},"size":1.1785410642623902,"orthographic":false}